{
    "loss": 2.282125949859619,
    "accuracy": 0.5784313678741455
}